{"mean":{"confidence_interval":{"confidence_level":0.95,"lower_bound":0.15720315528064582,"upper_bound":0.27775599250854294},"point_estimate":0.21368353519746885,"standard_error":0.030735700092586814},"median":{"confidence_interval":{"confidence_level":0.95,"lower_bound":-0.004135474607955935,"upper_bound":0.1779723633989132},"point_estimate":0.06239137118975835,"standard_error":0.06754297985322125}}