{"mean":{"confidence_interval":{"confidence_level":0.95,"lower_bound":6722.506475435305,"upper_bound":6786.077168325295},"point_estimate":6756.703931640759,"standard_error":16.28790475104773},"median":{"confidence_interval":{"confidence_level":0.95,"lower_bound":6771.327770763981,"upper_bound":6810.89932885906},"point_estimate":6791.723493927772,"standard_error":12.105673320435589},"median_abs_dev":{"confidence_interval":{"confidence_level":0.95,"lower_bound":47.91395422782414,"upper_bound":80.96220425970557},"point_estimate":60.09928941922466,"standard_error":8.86191008211731},"slope":{"confidence_interval":{"confidence_level":0.95,"lower_bound":6740.499111767512,"upper_bound":6786.850067453182},"point_estimate":6764.164137885891,"standard_error":11.78202797845189},"std_dev":{"confidence_interval":{"confidence_level":0.95,"lower_bound":98.79674279463144,"upper_bound":216.8615052289001},"point_estimate":164.09376005383604,"standard_error":30.203071608001846}}