{"mean":{"confidence_interval":{"confidence_level":0.95,"lower_bound":-0.03494018762494372,"upper_bound":-0.023133066280455337},"point_estimate":-0.028542372108918967,"standard_error":0.003020356979146648},"median":{"confidence_interval":{"confidence_level":0.95,"lower_bound":-0.024685652103454303,"upper_bound":-0.017544770372548868},"point_estimate":-0.019983240127568913,"standard_error":0.0019175955145961992}}