{"mean":{"confidence_interval":{"confidence_level":0.95,"lower_bound":0.40304016036440404,"upper_bound":0.564385247023822},"point_estimate":0.48577241591289466,"standard_error":0.04131639403167695},"median":{"confidence_interval":{"confidence_level":0.95,"lower_bound":0.5720113492287193,"upper_bound":0.8962926645609148},"point_estimate":0.8929312987482216,"standard_error":0.09348053615484568}}