{"mean":{"confidence_interval":{"confidence_level":0.95,"lower_bound":-0.0533660571958322,"upper_bound":0.08701571133710606},"point_estimate":0.0145827952849098,"standard_error":0.03574699184289971},"median":{"confidence_interval":{"confidence_level":0.95,"lower_bound":-0.0036311990785506953,"upper_bound":0.0005501588411125358},"point_estimate":-0.0012707596471672744,"standard_error":0.005684569693305792}}