{"mean":{"confidence_interval":{"confidence_level":0.95,"lower_bound":0.19231531567744745,"upper_bound":0.20864151222076838},"point_estimate":0.19962153560732387,"standard_error":0.0041847707479155585},"median":{"confidence_interval":{"confidence_level":0.95,"lower_bound":0.19080411222395433,"upper_bound":0.19916578324919243},"point_estimate":0.1922557209965836,"standard_error":0.0021705725293226087}}