{"mean":{"confidence_interval":{"confidence_level":0.95,"lower_bound":0.19542941416818774,"upper_bound":0.30738587614176804},"point_estimate":0.24806829205821224,"standard_error":0.028505877184117644},"median":{"confidence_interval":{"confidence_level":0.95,"lower_bound":0.08279273549628763,"upper_bound":0.2479004366274942},"point_estimate":0.11576391573017641,"standard_error":0.040770480357245224}}