{"mean":{"confidence_interval":{"confidence_level":0.95,"lower_bound":0.002712455499721526,"upper_bound":0.029946585328660118},"point_estimate":0.016221881891523182,"standard_error":0.006910767096224558},"median":{"confidence_interval":{"confidence_level":0.95,"lower_bound":0.0053200778810531535,"upper_bound":0.029247167262268503},"point_estimate":0.019252035901982545,"standard_error":0.006170895139058179}}