{"mean":{"confidence_interval":{"confidence_level":0.95,"lower_bound":0.11907187952386639,"upper_bound":0.1612440333383879},"point_estimate":0.13998743845299266,"standard_error":0.010775822326660097},"median":{"confidence_interval":{"confidence_level":0.95,"lower_bound":0.10684485430505686,"upper_bound":0.21986497032227525},"point_estimate":0.18824128323243272,"standard_error":0.031442333850564795}}