{"mean":{"confidence_interval":{"confidence_level":0.95,"lower_bound":0.41988187928626175,"upper_bound":0.5436089403832522},"point_estimate":0.48087137982407224,"standard_error":0.03173405783401741},"median":{"confidence_interval":{"confidence_level":0.95,"lower_bound":0.5366005979649995,"upper_bound":0.6487412458124917},"point_estimate":0.5881478812207241,"standard_error":0.026483905378047488}}