{"mean":{"confidence_interval":{"confidence_level":0.95,"lower_bound":-0.003305900065329181,"upper_bound":0.0031352666776341626},"point_estimate":-0.00012342106735974134,"standard_error":0.0016333241437195224},"median":{"confidence_interval":{"confidence_level":0.95,"lower_bound":-0.0007012135512193263,"upper_bound":0.0006231131060885353},"point_estimate":0.00007058155720707227,"standard_error":0.000339824630144755}}