{"mean":{"confidence_interval":{"confidence_level":0.95,"lower_bound":0.0025537874307303794,"upper_bound":0.057196713914976854},"point_estimate":0.02845603531207641,"standard_error":0.014626845187434437},"median":{"confidence_interval":{"confidence_level":0.95,"lower_bound":-0.024342753226990848,"upper_bound":0.002287510060218434},"point_estimate":-0.007651827926770882,"standard_error":0.006494749445899853}}