{"mean":{"confidence_interval":{"confidence_level":0.95,"lower_bound":-0.7198874670512837,"upper_bound":-0.6489055478329944},"point_estimate":-0.687206934639369,"standard_error":0.018107392167472102},"median":{"confidence_interval":{"confidence_level":0.95,"lower_bound":-0.6879885478327964,"upper_bound":-0.6433456735035727},"point_estimate":-0.6727742600412442,"standard_error":0.011375440165187057}}