{"mean":{"confidence_interval":{"confidence_level":0.95,"lower_bound":-0.037558982679818574,"upper_bound":-0.02210493797005916},"point_estimate":-0.029017706364455997,"standard_error":0.003985773873341636},"median":{"confidence_interval":{"confidence_level":0.95,"lower_bound":-0.027543567657989487,"upper_bound":-0.02300740272475399},"point_estimate":-0.0247595576551638,"standard_error":0.0012122550545901152}}