{"mean":{"confidence_interval":{"confidence_level":0.95,"lower_bound":269.80769593732157,"upper_bound":292.8518607985772},"point_estimate":280.71009638354155,"standard_error":5.887395824436791},"median":{"confidence_interval":{"confidence_level":0.95,"lower_bound":252.79339088798608,"upper_bound":264.8161226704955},"point_estimate":256.9018104151121,"standard_error":3.243511669899114},"median_abs_dev":{"confidence_interval":{"confidence_level":0.95,"lower_bound":12.184493121149142,"upper_bound":29.382182914229677},"point_estimate":21.258974499673126,"standard_error":4.514102545938259},"slope":{"confidence_interval":{"confidence_level":0.95,"lower_bound":275.5359385014986,"upper_bound":300.747245952723},"point_estimate":287.44272081122233,"standard_error":6.4607226808973675},"std_dev":{"confidence_interval":{"confidence_level":0.95,"lower_bound":43.161873555871246,"upper_bound":72.5953890873538},"point_estimate":59.17653716120068,"standard_error":7.496578089590767}}