{"mean":{"confidence_interval":{"confidence_level":0.95,"lower_bound":0.21165652472551913,"upper_bound":0.22654164338788177},"point_estimate":0.2195582258784874,"standard_error":0.003812171496257457},"median":{"confidence_interval":{"confidence_level":0.95,"lower_bound":0.22027004332921551,"upper_bound":0.22810377605529797},"point_estimate":0.22527800197770076,"standard_error":0.0018713280243886738}}