{"mean":{"confidence_interval":{"confidence_level":0.95,"lower_bound":0.2874143290632448,"upper_bound":0.4645745325054398},"point_estimate":0.3715008019451076,"standard_error":0.04508310780526819},"median":{"confidence_interval":{"confidence_level":0.95,"lower_bound":0.19387751849243506,"upper_bound":0.9128541940146477},"point_estimate":0.58884732873393,"standard_error":0.17321228127257834}}