{"mean":{"confidence_interval":{"confidence_level":0.95,"lower_bound":0.6312659509978888,"upper_bound":0.6604357182381293},"point_estimate":0.6465827171778702,"standard_error":0.007492232965458913},"median":{"confidence_interval":{"confidence_level":0.95,"lower_bound":0.6248221292123037,"upper_bound":0.6438347989085367},"point_estimate":0.6339294865690928,"standard_error":0.004772077184404599}}