{"mean":{"confidence_interval":{"confidence_level":0.95,"lower_bound":0.48914962476103774,"upper_bound":0.6122833918838674},"point_estimate":0.5506998892777752,"standard_error":0.03133988302444432},"median":{"confidence_interval":{"confidence_level":0.95,"lower_bound":0.6565275005843345,"upper_bound":0.760238264524848},"point_estimate":0.7233434885200589,"standard_error":0.02804435995805388}}