{"mean":{"confidence_interval":{"confidence_level":0.95,"lower_bound":-0.008151074766403888,"upper_bound":0.08787510018437254},"point_estimate":0.040127616342239936,"standard_error":0.0239943104586154},"median":{"confidence_interval":{"confidence_level":0.95,"lower_bound":-0.03350066911094205,"upper_bound":0.02373315937721876},"point_estimate":-0.00804438881452807,"standard_error":0.014577198543480408}}