{"mean":{"confidence_interval":{"confidence_level":0.95,"lower_bound":-0.01746292084652983,"upper_bound":0.007166163334143895},"point_estimate":-0.004710706874711201,"standard_error":0.006288973766803423},"median":{"confidence_interval":{"confidence_level":0.95,"lower_bound":-0.009651821001359103,"upper_bound":0.012317468484739358},"point_estimate":0.000013290451925218605,"standard_error":0.005733858225025963}}