{"mean":{"confidence_interval":{"confidence_level":0.95,"lower_bound":115.25937156417416,"upper_bound":117.86657383342305},"point_estimate":116.52165147371194,"standard_error":0.6653965364870971},"median":{"confidence_interval":{"confidence_level":0.95,"lower_bound":114.68588143710554,"upper_bound":116.71302166794398},"point_estimate":115.66373105664013,"standard_error":0.4654737445241975},"median_abs_dev":{"confidence_interval":{"confidence_level":0.95,"lower_bound":4.040108969256956,"upper_bound":8.054270756953349},"point_estimate":6.0113332621778515,"standard_error":1.062986635378621},"slope":{"confidence_interval":{"confidence_level":0.95,"lower_bound":115.20959559999194,"upper_bound":118.30989420336394},"point_estimate":116.68195195041689,"standard_error":0.7924960510042025},"std_dev":{"confidence_interval":{"confidence_level":0.95,"lower_bound":5.388514357104563,"upper_bound":7.821560531191765},"point_estimate":6.679004417804048,"standard_error":0.6232676510805747}}