{"mean":{"confidence_interval":{"confidence_level":0.95,"lower_bound":0.28705101498954916,"upper_bound":0.39904556293724014},"point_estimate":0.34083346268090886,"standard_error":0.028563875241409395},"median":{"confidence_interval":{"confidence_level":0.95,"lower_bound":0.2506972192796425,"upper_bound":0.42122194637659116},"point_estimate":0.34863082311393834,"standard_error":0.04243439639963041}}