{"mean":{"confidence_interval":{"confidence_level":0.95,"lower_bound":0.5560793686111529,"upper_bound":0.6356559267879252},"point_estimate":0.5972187804573821,"standard_error":0.02033385905496393},"median":{"confidence_interval":{"confidence_level":0.95,"lower_bound":0.6762126361325789,"upper_bound":0.708358988992347},"point_estimate":0.691159991384785,"standard_error":0.008126504304451276}}