{"mean":{"confidence_interval":{"confidence_level":0.95,"lower_bound":0.2837964501077353,"upper_bound":0.32866881424465766},"point_estimate":0.3067244726530949,"standard_error":0.01148630695246682},"median":{"confidence_interval":{"confidence_level":0.95,"lower_bound":0.33646839929377914,"upper_bound":0.36571834371905787},"point_estimate":0.3585564046975407,"standard_error":0.007721591392584823}}