{"mean":{"confidence_interval":{"confidence_level":0.95,"lower_bound":-0.015474028145724256,"upper_bound":-0.0035513209311252548},"point_estimate":-0.00896028137490168,"standard_error":0.0030494637484787704},"median":{"confidence_interval":{"confidence_level":0.95,"lower_bound":-0.0037713985821783425,"upper_bound":-0.00012859397705355935},"point_estimate":-0.0013494379769545262,"standard_error":0.000945851406910613}}