{"mean":{"confidence_interval":{"confidence_level":0.95,"lower_bound":-0.0024874514195925004,"upper_bound":0.0027490339216446917},"point_estimate":0.0002173621482983723,"standard_error":0.0013323044302660982},"median":{"confidence_interval":{"confidence_level":0.95,"lower_bound":-0.00039726173282483845,"upper_bound":0.0004049642044239299},"point_estimate":-0.00011675473414041182,"standard_error":0.00020906383641977722}}