{"mean":{"confidence_interval":{"confidence_level":0.95,"lower_bound":-0.07667847257089552,"upper_bound":0.05738892663973814},"point_estimate":-0.010947447696802115,"standard_error":0.03425887275344392},"median":{"confidence_interval":{"confidence_level":0.95,"lower_bound":-0.1075008088935003,"upper_bound":0.004525073590429196},"point_estimate":0.0001373370476425162,"standard_error":0.03070701065559024}}