{"mean":{"confidence_interval":{"confidence_level":0.95,"lower_bound":-0.03617176033397028,"upper_bound":-0.017203279814172596},"point_estimate":-0.026038730665327026,"standard_error":0.004840762927365099},"median":{"confidence_interval":{"confidence_level":0.95,"lower_bound":-0.015406484628903039,"upper_bound":-0.007316597588480578},"point_estimate":-0.010274182989062686,"standard_error":0.0018311166433059732}}