{"mean":{"confidence_interval":{"confidence_level":0.95,"lower_bound":0.40954762651116594,"upper_bound":0.5654526853688575},"point_estimate":0.4841616118606724,"standard_error":0.040233226147885014},"median":{"confidence_interval":{"confidence_level":0.95,"lower_bound":0.6460224062765334,"upper_bound":0.758449453471256},"point_estimate":0.7419038951598971,"standard_error":0.02998955758975221}}