{"mean":{"confidence_interval":{"confidence_level":0.95,"lower_bound":0.10518584512912768,"upper_bound":0.11292750651745732},"point_estimate":0.1093488961086524,"standard_error":0.0019771596298531107},"median":{"confidence_interval":{"confidence_level":0.95,"lower_bound":0.11077025066546042,"upper_bound":0.11263184605114984},"point_estimate":0.11174337857020245,"standard_error":0.00048133791294636415}}