{"mean":{"confidence_interval":{"confidence_level":0.95,"lower_bound":-0.2362679196565319,"upper_bound":-0.22539993626179838},"point_estimate":-0.23042213558560787,"standard_error":0.0027852419654565354},"median":{"confidence_interval":{"confidence_level":0.95,"lower_bound":-0.23055186035965447,"upper_bound":-0.22568860664101287},"point_estimate":-0.22742987788900604,"standard_error":0.0013262458147679662}}