{"mean":{"confidence_interval":{"confidence_level":0.95,"lower_bound":-0.011148704534279668,"upper_bound":-0.00046544948396367035},"point_estimate":-0.006156717005052159,"standard_error":0.002715835044645041},"median":{"confidence_interval":{"confidence_level":0.95,"lower_bound":-0.010015531507236664,"upper_bound":-0.006271270290044928},"point_estimate":-0.008330600065194038,"standard_error":0.0008314399451537624}}