{"mean":{"confidence_interval":{"confidence_level":0.95,"lower_bound":0.5036649742864452,"upper_bound":0.6546006382720433},"point_estimate":0.578906239256562,"standard_error":0.03861867232450494},"median":{"confidence_interval":{"confidence_level":0.95,"lower_bound":0.8377348636026059,"upper_bound":0.9042392775403489},"point_estimate":0.885711195598669,"standard_error":0.01895673807269884}}