{"mean":{"confidence_interval":{"confidence_level":0.95,"lower_bound":0.24684194935336087,"upper_bound":0.2637539400678698},"point_estimate":0.2550243104789933,"standard_error":0.004305321952237049},"median":{"confidence_interval":{"confidence_level":0.95,"lower_bound":0.2477322737416192,"upper_bound":0.26054191983810043},"point_estimate":0.25530225530775486,"standard_error":0.0032808798025879176}}