{"mean":{"confidence_interval":{"confidence_level":0.95,"lower_bound":0.22320914238464887,"upper_bound":0.25064752083264763},"point_estimate":0.23556410492355506,"standard_error":0.007037855758459228},"median":{"confidence_interval":{"confidence_level":0.95,"lower_bound":0.222155450013243,"upper_bound":0.2327879763650139},"point_estimate":0.2282511220077732,"standard_error":0.0026529657260412815}}