{"mean":{"confidence_interval":{"confidence_level":0.95,"lower_bound":0.5412772167632198,"upper_bound":0.567342741849788},"point_estimate":0.5535063316347324,"standard_error":0.006602808137260536},"median":{"confidence_interval":{"confidence_level":0.95,"lower_bound":0.5400331291549909,"upper_bound":0.5590040476477547},"point_estimate":0.5503701915464516,"standard_error":0.005180048171275305}}