{"mean":{"confidence_interval":{"confidence_level":0.95,"lower_bound":-0.05250398528211325,"upper_bound":-0.025295876221536603},"point_estimate":-0.03726228278012633,"standard_error":0.0070099634735389235},"median":{"confidence_interval":{"confidence_level":0.95,"lower_bound":-0.023124594517669794,"upper_bound":-0.01953371062284177},"point_estimate":-0.021565174928831032,"standard_error":0.0010120653814707091}}