{"mean":{"confidence_interval":{"confidence_level":0.95,"lower_bound":-0.0025436313279559556,"upper_bound":0.002947152596760076},"point_estimate":0.00023998128897928517,"standard_error":0.001396372772647358},"median":{"confidence_interval":{"confidence_level":0.95,"lower_bound":0.00012023466919974801,"upper_bound":0.0010099076680600838},"point_estimate":0.0004902468256542392,"standard_error":0.00022383055187095681}}