{"mean":{"confidence_interval":{"confidence_level":0.95,"lower_bound":0.2205637454867036,"upper_bound":0.23020507459438017},"point_estimate":0.22535185726772533,"standard_error":0.0024445016257357414},"median":{"confidence_interval":{"confidence_level":0.95,"lower_bound":0.21756035738579294,"upper_bound":0.22230198114367172},"point_estimate":0.21967741569012267,"standard_error":0.0012631197388030576}}