{"mean":{"confidence_interval":{"confidence_level":0.95,"lower_bound":0.3512472454926581,"upper_bound":0.4722929832401623},"point_estimate":0.40934231862546366,"standard_error":0.030905322174783048},"median":{"confidence_interval":{"confidence_level":0.95,"lower_bound":0.3847765218546848,"upper_bound":0.6277700094610748},"point_estimate":0.4752100073555272,"standard_error":0.0564328832993662}}