{"mean":{"confidence_interval":{"confidence_level":0.95,"lower_bound":-0.0034001870853346936,"upper_bound":0.0015218403386271727},"point_estimate":-0.0009457578226037544,"standard_error":0.0012502545896322186},"median":{"confidence_interval":{"confidence_level":0.95,"lower_bound":-0.0014145956146137673,"upper_bound":-0.0002894228588281589},"point_estimate":-0.000847722730397793,"standard_error":0.00028660575065326735}}