{"mean":{"confidence_interval":{"confidence_level":0.95,"lower_bound":0.5678048118941509,"upper_bound":0.708428426966716},"point_estimate":0.6416297453596229,"standard_error":0.03650435287179497},"median":{"confidence_interval":{"confidence_level":0.95,"lower_bound":0.6872320486731236,"upper_bound":0.9267740647144358},"point_estimate":0.8783903296343276,"standard_error":0.08173356083739018}}