{"mean":{"confidence_interval":{"confidence_level":0.95,"lower_bound":0.4058213161789339,"upper_bound":0.4644778729204224},"point_estimate":0.436126842530987,"standard_error":0.014942240776364957},"median":{"confidence_interval":{"confidence_level":0.95,"lower_bound":0.4423337951918699,"upper_bound":0.514569899567682},"point_estimate":0.47686643438181164,"standard_error":0.020902496644412003}}