{"mean":{"confidence_interval":{"confidence_level":0.95,"lower_bound":-0.1062079968304123,"upper_bound":-0.009636847728924524},"point_estimate":-0.05791805713959042,"standard_error":0.024566262095327737},"median":{"confidence_interval":{"confidence_level":0.95,"lower_bound":-0.00033442335213888113,"upper_bound":0.0015361865339718062},"point_estimate":0.0006059612068405329,"standard_error":0.00047988133907679256}}