{"mean":{"confidence_interval":{"confidence_level":0.95,"lower_bound":-0.737143813883423,"upper_bound":-0.6713819655609488},"point_estimate":-0.7054991991924691,"standard_error":0.016728998691750298},"median":{"confidence_interval":{"confidence_level":0.95,"lower_bound":-0.7189446145487767,"upper_bound":-0.6752500693147614},"point_estimate":-0.7051053180238817,"standard_error":0.012493861912109917}}