{"mean":{"confidence_interval":{"confidence_level":0.95,"lower_bound":0.175207613319704,"upper_bound":0.32141671888089596},"point_estimate":0.247136572905424,"standard_error":0.037597130317464374},"median":{"confidence_interval":{"confidence_level":0.95,"lower_bound":0.16723796979026417,"upper_bound":0.4348346071294633},"point_estimate":0.30355849672366797,"standard_error":0.0982178827703078}}