{"mean":{"confidence_interval":{"confidence_level":0.95,"lower_bound":0.17857281328407063,"upper_bound":0.30499592293017586},"point_estimate":0.23866745309719306,"standard_error":0.032338329303036005},"median":{"confidence_interval":{"confidence_level":0.95,"lower_bound":-0.00680665926139222,"upper_bound":0.4193638303507716},"point_estimate":0.1503623540810073,"standard_error":0.1293215258842427}}