{"mean":{"confidence_interval":{"confidence_level":0.95,"lower_bound":0.16322878687570236,"upper_bound":0.18593565430013295},"point_estimate":0.1742548066784284,"standard_error":0.005788134563701882},"median":{"confidence_interval":{"confidence_level":0.95,"lower_bound":0.16875239908060524,"upper_bound":0.19236343033777437},"point_estimate":0.18290747930947204,"standard_error":0.0061011013911564565}}