{"mean":{"confidence_interval":{"confidence_level":0.95,"lower_bound":0.2865325036375872,"upper_bound":0.3266356164445552},"point_estimate":0.30705583909099476,"standard_error":0.010237739451460124},"median":{"confidence_interval":{"confidence_level":0.95,"lower_bound":0.32977120565526585,"upper_bound":0.3611211275118764},"point_estimate":0.3485146835536159,"standard_error":0.008116561389474366}}