{"mean":{"confidence_interval":{"confidence_level":0.95,"lower_bound":-0.06803253095379917,"upper_bound":-0.04148254976326885},"point_estimate":-0.05459382715691441,"standard_error":0.00678951179837151},"median":{"confidence_interval":{"confidence_level":0.95,"lower_bound":-0.05234295968899805,"upper_bound":-0.02961103637790563},"point_estimate":-0.04401608050250927,"standard_error":0.006515686514861918}}