{"mean":{"confidence_interval":{"confidence_level":0.95,"lower_bound":-0.004722051678382087,"upper_bound":0.0012457024951236496},"point_estimate":-0.001650255713386506,"standard_error":0.0015292658909244574},"median":{"confidence_interval":{"confidence_level":0.95,"lower_bound":-0.0028601030095790625,"upper_bound":-0.0017282036109022014},"point_estimate":-0.002393650505654654,"standard_error":0.0002892993461306145}}