{"mean":{"confidence_interval":{"confidence_level":0.95,"lower_bound":-0.07867262440193463,"upper_bound":-0.006222360435744843},"point_estimate":-0.038915321621342036,"standard_error":0.01856666519414717},"median":{"confidence_interval":{"confidence_level":0.95,"lower_bound":0.0027523087738079433,"upper_bound":0.0036381508576281973},"point_estimate":0.0031713989531503284,"standard_error":0.00022378096576656397}}