{"mean":{"confidence_interval":{"confidence_level":0.95,"lower_bound":0.5250986789825202,"upper_bound":0.659965401137238},"point_estimate":0.5916911994471821,"standard_error":0.03456992578507601},"median":{"confidence_interval":{"confidence_level":0.95,"lower_bound":0.7633575869227922,"upper_bound":0.8658214006045628},"point_estimate":0.8112631128150429,"standard_error":0.031875888386745724}}