{"mean":{"confidence_interval":{"confidence_level":0.95,"lower_bound":0.0183972572150504,"upper_bound":0.03353346858863771},"point_estimate":0.026204654652648873,"standard_error":0.00387430834337506},"median":{"confidence_interval":{"confidence_level":0.95,"lower_bound":0.018608690698395325,"upper_bound":0.03765784007435724},"point_estimate":0.027056919367404175,"standard_error":0.004462510497762532}}