{"mean":{"confidence_interval":{"confidence_level":0.95,"lower_bound":0.2283507651296307,"upper_bound":0.3635255852638001},"point_estimate":0.29261153443481613,"standard_error":0.034434225647705236},"median":{"confidence_interval":{"confidence_level":0.95,"lower_bound":0.07763445915242072,"upper_bound":0.5880103614966896},"point_estimate":0.32025325946417516,"standard_error":0.11476713328864338}}