{"mean":{"confidence_interval":{"confidence_level":0.95,"lower_bound":0.0864602842196204,"upper_bound":0.11524665159582281},"point_estimate":0.10006300768890863,"standard_error":0.007443126722171329},"median":{"confidence_interval":{"confidence_level":0.95,"lower_bound":0.09257859963980741,"upper_bound":0.11460163884029906},"point_estimate":0.10251650064539031,"standard_error":0.00556916890661027}}