{"mean":{"confidence_interval":{"confidence_level":0.95,"lower_bound":787.000928783788,"upper_bound":856.8533332726198},"point_estimate":822.6578752478957,"standard_error":17.85624436074168},"median":{"confidence_interval":{"confidence_level":0.95,"lower_bound":836.1475306122449,"upper_bound":947.02116795947},"point_estimate":857.1730864217158,"standard_error":28.93976159371893},"median_abs_dev":{"confidence_interval":{"confidence_level":0.95,"lower_bound":89.222260030963,"upper_bound":190.50109839148402},"point_estimate":157.7125401606079,"standard_error":29.750828818032186},"slope":{"confidence_interval":{"confidence_level":0.95,"lower_bound":878.4971633629783,"upper_bound":925.8614948916098},"point_estimate":903.8059518395092,"standard_error":12.06989944781789},"std_dev":{"confidence_interval":{"confidence_level":0.95,"lower_bound":155.8867162780913,"upper_bound":196.92705233367238},"point_estimate":179.2998495370576,"standard_error":10.505264369165173}}