{"mean":{"confidence_interval":{"confidence_level":0.95,"lower_bound":-0.23122105043947125,"upper_bound":-0.22682259163479276},"point_estimate":-0.22898590833311427,"standard_error":0.0011237471585638583},"median":{"confidence_interval":{"confidence_level":0.95,"lower_bound":-0.22817111545979019,"upper_bound":-0.22673495698680934},"point_estimate":-0.22761376733495686,"standard_error":0.00039002565145879566}}