{"mean":{"confidence_interval":{"confidence_level":0.95,"lower_bound":1.0325395583463366,"upper_bound":1.510401198523967},"point_estimate":1.260325234190987,"standard_error":0.12176137122721656},"median":{"confidence_interval":{"confidence_level":0.95,"lower_bound":1.1443564368165684,"upper_bound":1.3978628644606619},"point_estimate":1.2405492104435902,"standard_error":0.07222467999794012}}