{"mean":{"confidence_interval":{"confidence_level":0.95,"lower_bound":0.0972345573638469,"upper_bound":0.12457667038438193},"point_estimate":0.10988730369319777,"standard_error":0.007044683597379261},"median":{"confidence_interval":{"confidence_level":0.95,"lower_bound":0.08516513299663808,"upper_bound":0.10590377043562796},"point_estimate":0.09598911490109518,"standard_error":0.0054674972885290435}}