{"mean":{"confidence_interval":{"confidence_level":0.95,"lower_bound":-0.0010242882324641238,"upper_bound":0.003754224401356903},"point_estimate":0.001441966148361784,"standard_error":0.001217184901757489},"median":{"confidence_interval":{"confidence_level":0.95,"lower_bound":0.00041406079870036095,"upper_bound":0.0011846130546036104},"point_estimate":0.0008052616182447903,"standard_error":0.00020716558826142415}}