{"mean":{"confidence_interval":{"confidence_level":0.95,"lower_bound":0.3240824373992898,"upper_bound":0.483946641819744},"point_estimate":0.40049445193281263,"standard_error":0.04078471316130176},"median":{"confidence_interval":{"confidence_level":0.95,"lower_bound":0.37179229018017756,"upper_bound":0.8617788726766014},"point_estimate":0.7430380985236098,"standard_error":0.14615887760325358}}