{"mean":{"confidence_interval":{"confidence_level":0.95,"lower_bound":0.008059362731149322,"upper_bound":0.01371441049644927},"point_estimate":0.011023035601698927,"standard_error":0.0014380246802600642},"median":{"confidence_interval":{"confidence_level":0.95,"lower_bound":0.011219409813409076,"upper_bound":0.012244965425961762},"point_estimate":0.011627671272326001,"standard_error":0.0002747482780816962}}