{"mean":{"confidence_interval":{"confidence_level":0.95,"lower_bound":-0.10552418790288175,"upper_bound":-0.06291449507511941},"point_estimate":-0.08416466579979232,"standard_error":0.010891829648217234},"median":{"confidence_interval":{"confidence_level":0.95,"lower_bound":-0.020177105294900667,"upper_bound":-0.017453261978504386},"point_estimate":-0.01895890475322859,"standard_error":0.0007969341902431917}}