{"mean":{"confidence_interval":{"confidence_level":0.95,"lower_bound":-0.060166811776831274,"upper_bound":-0.053334646909965526},"point_estimate":-0.05679762711097647,"standard_error":0.0017435671745498775},"median":{"confidence_interval":{"confidence_level":0.95,"lower_bound":-0.05957642293887022,"upper_bound":-0.05472778851471101},"point_estimate":-0.057494598933189645,"standard_error":0.001121288440028611}}