{"mean":{"confidence_interval":{"confidence_level":0.95,"lower_bound":2121.549490128903,"upper_bound":2138.723628205212},"point_estimate":2129.6330659916616,"standard_error":4.384396895500302},"median":{"confidence_interval":{"confidence_level":0.95,"lower_bound":2114.010989010989,"upper_bound":2133.407141553226},"point_estimate":2130.8213534151037,"standard_error":5.204097707144379},"median_abs_dev":{"confidence_interval":{"confidence_level":0.95,"lower_bound":16.801402174699138,"upper_bound":33.86432924374918},"point_estimate":26.49937777713019,"standard_error":4.124924535575018},"slope":{"confidence_interval":{"confidence_level":0.95,"lower_bound":2121.8143147566348,"upper_bound":2130.504639648476},"point_estimate":2126.362180220154,"standard_error":2.2017129354445952},"std_dev":{"confidence_interval":{"confidence_level":0.95,"lower_bound":29.152244864858822,"upper_bound":57.096365908180395},"point_estimate":44.09594846383346,"standard_error":7.1386834311805245}}