{"mean":{"confidence_interval":{"confidence_level":0.95,"lower_bound":0.24245022911570202,"upper_bound":0.4030248961581843},"point_estimate":0.3199007225166839,"standard_error":0.04131989940629881},"median":{"confidence_interval":{"confidence_level":0.95,"lower_bound":0.07825613294474532,"upper_bound":0.35436317090636194},"point_estimate":0.21386960041178282,"standard_error":0.06996867351956286}}