{"mean":{"confidence_interval":{"confidence_level":0.95,"lower_bound":7788.582280181206,"upper_bound":7828.705320143397},"point_estimate":7806.572896088843,"standard_error":10.270715723644113},"median":{"confidence_interval":{"confidence_level":0.95,"lower_bound":7776.8961181640625,"upper_bound":7781.36339472287},"point_estimate":7778.818150727911,"standard_error":1.2719276826623926},"median_abs_dev":{"confidence_interval":{"confidence_level":0.95,"lower_bound":6.032408979180654,"upper_bound":12.617945694328},"point_estimate":10.072802976752746,"standard_error":1.7098608293254838},"slope":{"confidence_interval":{"confidence_level":0.95,"lower_bound":7775.75018401645,"upper_bound":7786.655314567795},"point_estimate":7780.354077485407,"standard_error":2.8351776515326628},"std_dev":{"confidence_interval":{"confidence_level":0.95,"lower_bound":50.69172499930614,"upper_bound":145.05514375305302},"point_estimate":103.31711731708687,"standard_error":24.107110459420216}}