{"mean":{"confidence_interval":{"confidence_level":0.95,"lower_bound":0.26489951939452483,"upper_bound":0.2897045752420804},"point_estimate":0.2768179060445144,"standard_error":0.006335806124279611},"median":{"confidence_interval":{"confidence_level":0.95,"lower_bound":0.26518389505008577,"upper_bound":0.2776128420068069},"point_estimate":0.270248212949334,"standard_error":0.0030631704979690016}}