{"mean":{"confidence_interval":{"confidence_level":0.95,"lower_bound":0.012735736845622125,"upper_bound":0.01810766097919695},"point_estimate":0.015446560541977572,"standard_error":0.0013724399679974617},"median":{"confidence_interval":{"confidence_level":0.95,"lower_bound":0.014394973195368754,"upper_bound":0.015921455581829513},"point_estimate":0.015295941569994476,"standard_error":0.0004176667238472395}}