{"mean":{"confidence_interval":{"confidence_level":0.95,"lower_bound":0.13179877780748867,"upper_bound":0.24660265378922636},"point_estimate":0.18522646351266236,"standard_error":0.029216717098759903},"median":{"confidence_interval":{"confidence_level":0.95,"lower_bound":-0.017310804959660087,"upper_bound":0.10391040021641795},"point_estimate":-0.015839854956382182,"standard_error":0.045853005453093974}}