{"mean":{"confidence_interval":{"confidence_level":0.95,"lower_bound":0.5048896186424421,"upper_bound":0.6546208300229108},"point_estimate":0.5833321807382867,"standard_error":0.0367750905364504},"median":{"confidence_interval":{"confidence_level":0.95,"lower_bound":0.8187327309780117,"upper_bound":0.9234021431209327},"point_estimate":0.9154378730066728,"standard_error":0.031468891072493586}}