{"mean":{"confidence_interval":{"confidence_level":0.95,"lower_bound":0.14281629806950538,"upper_bound":0.2594550256834295},"point_estimate":0.19779576977150315,"standard_error":0.02970518105953334},"median":{"confidence_interval":{"confidence_level":0.95,"lower_bound":-0.018559752944399634,"upper_bound":0.2123653165740521},"point_estimate":0.02402160570515588,"standard_error":0.07189951263006851}}