{"mean":{"confidence_interval":{"confidence_level":0.95,"lower_bound":-0.02098067675988751,"upper_bound":-0.007700216477984753},"point_estimate":-0.014180498111371564,"standard_error":0.0033917252125619905},"median":{"confidence_interval":{"confidence_level":0.95,"lower_bound":-0.014813118661307745,"upper_bound":0.0008671598329854646},"point_estimate":-0.005753394224292552,"standard_error":0.004087543560730737}}