{"mean":{"confidence_interval":{"confidence_level":0.95,"lower_bound":0.23413377365056162,"upper_bound":0.3676674455358192},"point_estimate":0.29720649155785495,"standard_error":0.034004033842209354},"median":{"confidence_interval":{"confidence_level":0.95,"lower_bound":0.11438584735778273,"upper_bound":0.5187232518489786},"point_estimate":0.2776004312257181,"standard_error":0.1108619141061464}}