{"mean":{"confidence_interval":{"confidence_level":0.95,"lower_bound":0.047282814490624235,"upper_bound":0.07743095321131546},"point_estimate":0.0619214479988619,"standard_error":0.007668053570449702},"median":{"confidence_interval":{"confidence_level":0.95,"lower_bound":0.04953776556191092,"upper_bound":0.06282522386804068},"point_estimate":0.05605164564474596,"standard_error":0.003313973209809114}}