{"mean":{"confidence_interval":{"confidence_level":0.95,"lower_bound":0.49275401470845576,"upper_bound":0.5415733964275473},"point_estimate":0.5174618838604896,"standard_error":0.012425556874808102},"median":{"confidence_interval":{"confidence_level":0.95,"lower_bound":0.5454287124135042,"upper_bound":0.5880804057375058},"point_estimate":0.5778045812118648,"standard_error":0.011642975682334175}}