{"mean":{"confidence_interval":{"confidence_level":0.95,"lower_bound":0.12461887973305341,"upper_bound":0.2196128206699954},"point_estimate":0.16970754322947235,"standard_error":0.02428682966654402},"median":{"confidence_interval":{"confidence_level":0.95,"lower_bound":0.004126356170749856,"upper_bound":0.16055833998629088},"point_estimate":0.0852856611668924,"standard_error":0.03855912275694809}}