{"mean":{"confidence_interval":{"confidence_level":0.95,"lower_bound":0.49839173070896836,"upper_bound":0.6599914424453985},"point_estimate":0.5768829331088328,"standard_error":0.042813555861870786},"median":{"confidence_interval":{"confidence_level":0.95,"lower_bound":0.5168674124830892,"upper_bound":0.9424712735403411},"point_estimate":0.771276924536574,"standard_error":0.11228156086693271}}