{"mean":{"confidence_interval":{"confidence_level":0.95,"lower_bound":-0.0305120889379474,"upper_bound":-0.02474606883755303},"point_estimate":-0.027601834117028212,"standard_error":0.001467913261587147},"median":{"confidence_interval":{"confidence_level":0.95,"lower_bound":-0.02912154015683832,"upper_bound":-0.026976096649650186},"point_estimate":-0.02782488052101162,"standard_error":0.0005387631234722805}}