{"mean":{"confidence_interval":{"confidence_level":0.95,"lower_bound":0.25373801132765206,"upper_bound":0.412171517262951},"point_estimate":0.33167474267635977,"standard_error":0.040563092794408624},"median":{"confidence_interval":{"confidence_level":0.95,"lower_bound":0.16635819569329824,"upper_bound":0.5042764850032917},"point_estimate":0.3943654311299849,"standard_error":0.09119145131648258}}