{"mean":{"confidence_interval":{"confidence_level":0.95,"lower_bound":0.20169188523105178,"upper_bound":0.22002511690647564},"point_estimate":0.2107502883339627,"standard_error":0.004696950531049038},"median":{"confidence_interval":{"confidence_level":0.95,"lower_bound":0.2107602594795306,"upper_bound":0.2256833757008423},"point_estimate":0.21975652345423446,"standard_error":0.003085799181125018}}