{"mean":{"confidence_interval":{"confidence_level":0.95,"lower_bound":0.12141197105849225,"upper_bound":0.1461005436761943},"point_estimate":0.13451299621129742,"standard_error":0.006321061089763575},"median":{"confidence_interval":{"confidence_level":0.95,"lower_bound":0.1481948940341955,"upper_bound":0.1540112511325562},"point_estimate":0.1507360861554956,"standard_error":0.0014694215075542493}}