{"mean":{"confidence_interval":{"confidence_level":0.95,"lower_bound":0.14921403801083022,"upper_bound":0.1622884336041383},"point_estimate":0.156145932243275,"standard_error":0.0033328767132048886},"median":{"confidence_interval":{"confidence_level":0.95,"lower_bound":0.15330108096572803,"upper_bound":0.16557262830634056},"point_estimate":0.1596442183708846,"standard_error":0.0027336652176380176}}