{"mean":{"confidence_interval":{"confidence_level":0.95,"lower_bound":1165.4714037021083,"upper_bound":1285.4793786091852},"point_estimate":1226.4554586884117,"standard_error":30.7004602013202},"median":{"confidence_interval":{"confidence_level":0.95,"lower_bound":1432.7140823589223,"upper_bound":1438.7464638573917},"point_estimate":1437.6173652398202,"standard_error":7.926104100188676},"median_abs_dev":{"confidence_interval":{"confidence_level":0.95,"lower_bound":5.651709501726546,"upper_bound":22.072103596906608},"point_estimate":10.16615833006186,"standard_error":12.911482102528163},"slope":{"confidence_interval":{"confidence_level":0.95,"lower_bound":1270.2091022591133,"upper_bound":1391.1605610193367},"point_estimate":1335.0226543825042,"standard_error":31.03176291859105},"std_dev":{"confidence_interval":{"confidence_level":0.95,"lower_bound":273.3112920339083,"upper_bound":330.985718945361},"point_estimate":308.163596452131,"standard_error":14.771337083447037}}