{"mean":{"confidence_interval":{"confidence_level":0.95,"lower_bound":-0.07037169308123667,"upper_bound":-0.04764117883397449},"point_estimate":-0.059160019404971065,"standard_error":0.005793426730509048},"median":{"confidence_interval":{"confidence_level":0.95,"lower_bound":-0.049041040053361185,"upper_bound":-0.02576958534588944},"point_estimate":-0.03155780259527152,"standard_error":0.00694347827275812}}