{"mean":{"confidence_interval":{"confidence_level":0.95,"lower_bound":0.44740632659185936,"upper_bound":0.4893917663570947},"point_estimate":0.46881481600933594,"standard_error":0.010706434020647826},"median":{"confidence_interval":{"confidence_level":0.95,"lower_bound":0.5030974656766298,"upper_bound":0.5187258356922437},"point_estimate":0.5118042078507021,"standard_error":0.003957370182137238}}