{"mean":{"confidence_interval":{"confidence_level":0.95,"lower_bound":0.17314857821880023,"upper_bound":0.29555259791713434},"point_estimate":0.2305694181424971,"standard_error":0.03133234667469574},"median":{"confidence_interval":{"confidence_level":0.95,"lower_bound":-0.007605857988581954,"upper_bound":0.30062352398034387},"point_estimate":0.10704021800749519,"standard_error":0.08363759494323426}}