{"mean":{"confidence_interval":{"confidence_level":0.95,"lower_bound":0.5670333589643057,"upper_bound":0.5906600204085036},"point_estimate":0.5797050918924584,"standard_error":0.006030607502795705},"median":{"confidence_interval":{"confidence_level":0.95,"lower_bound":0.5777442482798302,"upper_bound":0.5890955557132933},"point_estimate":0.5833362814828653,"standard_error":0.0027090480309313832}}