{"mean":{"confidence_interval":{"confidence_level":0.95,"lower_bound":-0.000976888666600603,"upper_bound":0.005329962988645318},"point_estimate":0.0022429517891608963,"standard_error":0.0016092743447012894},"median":{"confidence_interval":{"confidence_level":0.95,"lower_bound":0.0021752876366840646,"upper_bound":0.002828528954427645},"point_estimate":0.0025841052175947787,"standard_error":0.00016848204362703579}}