{"mean":{"confidence_interval":{"confidence_level":0.95,"lower_bound":0.44812145842305084,"upper_bound":0.5911005685947247},"point_estimate":0.5181716542205905,"standard_error":0.036550999310108544},"median":{"confidence_interval":{"confidence_level":0.95,"lower_bound":0.601627614342584,"upper_bound":0.8359652806287823},"point_estimate":0.715161675014349,"standard_error":0.058314381503070466}}