{"mean":{"confidence_interval":{"confidence_level":0.95,"lower_bound":-0.0017081817478146652,"upper_bound":0.004451911978283971},"point_estimate":0.0013711344591846863,"standard_error":0.001570365162072609},"median":{"confidence_interval":{"confidence_level":0.95,"lower_bound":0.0007342229392495181,"upper_bound":0.002100005971291008},"point_estimate":0.001155044885542189,"standard_error":0.0003248588884192535}}