{"mean":{"confidence_interval":{"confidence_level":0.95,"lower_bound":0.14738914065533992,"upper_bound":0.16055263244923554},"point_estimate":0.15440345291315793,"standard_error":0.003358773292460615},"median":{"confidence_interval":{"confidence_level":0.95,"lower_bound":0.16371371958344993,"upper_bound":0.16744971908350004},"point_estimate":0.1653024206151572,"standard_error":0.0009041255268643886}}