{"mean":{"confidence_interval":{"confidence_level":0.95,"lower_bound":0.10706151244111116,"upper_bound":0.21271245156685112},"point_estimate":0.15686537125533695,"standard_error":0.026990333348827084},"median":{"confidence_interval":{"confidence_level":0.95,"lower_bound":-0.024164929130556345,"upper_bound":0.13620842481798534},"point_estimate":-0.018296821127382068,"standard_error":0.031195330422659866}}