{"mean":{"confidence_interval":{"confidence_level":0.95,"lower_bound":0.571951054582564,"upper_bound":0.7178611442262629},"point_estimate":0.6517422389648264,"standard_error":0.03722802298971509},"median":{"confidence_interval":{"confidence_level":0.95,"lower_bound":0.8715813480654846,"upper_bound":0.8941306746879287},"point_estimate":0.8847241047630889,"standard_error":0.006193380217109066}}