{"mean":{"confidence_interval":{"confidence_level":0.95,"lower_bound":0.16459914802476996,"upper_bound":0.20132715146089167},"point_estimate":0.18241401016509418,"standard_error":0.009633347597636349},"median":{"confidence_interval":{"confidence_level":0.95,"lower_bound":0.14870840840911503,"upper_bound":0.15945329500576078},"point_estimate":0.15392563750853538,"standard_error":0.002763122966511012}}