{"mean":{"confidence_interval":{"confidence_level":0.95,"lower_bound":-0.002161057543291941,"upper_bound":0.0032397789087544137},"point_estimate":0.0006126005618616315,"standard_error":0.0013817031747240362},"median":{"confidence_interval":{"confidence_level":0.95,"lower_bound":-0.00006225940765081095,"upper_bound":0.000865289304765815},"point_estimate":0.0003855962555332493,"standard_error":0.00020611097365342187}}