{"mean":{"confidence_interval":{"confidence_level":0.95,"lower_bound":0.3025026494536029,"upper_bound":0.34676431878887537},"point_estimate":0.32482069642936784,"standard_error":0.011304528329825458},"median":{"confidence_interval":{"confidence_level":0.95,"lower_bound":0.31158778845965296,"upper_bound":0.3422413969546993},"point_estimate":0.32873845322031636,"standard_error":0.007419924081973195}}