{"mean":{"confidence_interval":{"confidence_level":0.95,"lower_bound":0.0001489612743710514,"upper_bound":0.005083084117684937},"point_estimate":0.002577523427528705,"standard_error":0.0012514675485656634},"median":{"confidence_interval":{"confidence_level":0.95,"lower_bound":0.0026787126058809285,"upper_bound":0.0033240231348010685},"point_estimate":0.002997551753980643,"standard_error":0.00017134076898423016}}