{"mean":{"confidence_interval":{"confidence_level":0.95,"lower_bound":0.413333987536162,"upper_bound":0.5472536137913769},"point_estimate":0.4792674490175899,"standard_error":0.03444819382504121},"median":{"confidence_interval":{"confidence_level":0.95,"lower_bound":0.5070762280772219,"upper_bound":0.728940130285264},"point_estimate":0.576175545858842,"standard_error":0.0567384965357674}}