{"mean":{"confidence_interval":{"confidence_level":0.95,"lower_bound":0.15961834826140653,"upper_bound":0.2747443496183718},"point_estimate":0.21354046362976042,"standard_error":0.02941592972206598},"median":{"confidence_interval":{"confidence_level":0.95,"lower_bound":0.03826282632031863,"upper_bound":0.1733520782291733},"point_estimate":0.09326720166540658,"standard_error":0.03757336492677873}}