{"mean":{"confidence_interval":{"confidence_level":0.95,"lower_bound":-0.028877127377987293,"upper_bound":-0.010686205614495438},"point_estimate":-0.020064740182694885,"standard_error":0.004651564557711884},"median":{"confidence_interval":{"confidence_level":0.95,"lower_bound":-0.028899500280683,"upper_bound":-0.01623736929699149},"point_estimate":-0.019853303251520016,"standard_error":0.003367343481965007}}