{"mean":{"confidence_interval":{"confidence_level":0.95,"lower_bound":-0.04436344790050406,"upper_bound":-0.01793621277528764},"point_estimate":-0.029791052628228343,"standard_error":0.00678518368046036},"median":{"confidence_interval":{"confidence_level":0.95,"lower_bound":-0.012171543637710338,"upper_bound":-0.005909676176187317},"point_estimate":-0.008596885571853785,"standard_error":0.001639467551921371}}