{"mean":{"confidence_interval":{"confidence_level":0.95,"lower_bound":-0.060752077383571704,"upper_bound":-0.04867368572989223},"point_estimate":-0.05456932892607047,"standard_error":0.0030907615431210117},"median":{"confidence_interval":{"confidence_level":0.95,"lower_bound":-0.053154540271159505,"upper_bound":-0.04186771778378725},"point_estimate":-0.046698425387389,"standard_error":0.0029783327378875546}}