{"mean":{"confidence_interval":{"confidence_level":0.95,"lower_bound":0.23139168765106802,"upper_bound":0.2515567130666886},"point_estimate":0.24216698325223418,"standard_error":0.005143399102822912},"median":{"confidence_interval":{"confidence_level":0.95,"lower_bound":0.24803979682429422,"upper_bound":0.2574193831532743},"point_estimate":0.25409115796680504,"standard_error":0.0027117336160662055}}