{"mean":{"confidence_interval":{"confidence_level":0.95,"lower_bound":0.4005054651522229,"upper_bound":0.5576084670497508},"point_estimate":0.47780265496750296,"standard_error":0.03993219675002619},"median":{"confidence_interval":{"confidence_level":0.95,"lower_bound":0.5679188817692455,"upper_bound":0.8450566010506757},"point_estimate":0.6316568805495815,"standard_error":0.04864916734526892}}