{"mean":{"confidence_interval":{"confidence_level":0.95,"lower_bound":-0.01815201450574135,"upper_bound":-0.012791328645227692},"point_estimate":-0.015377731374124792,"standard_error":0.0013657620487417224},"median":{"confidence_interval":{"confidence_level":0.95,"lower_bound":-0.015909235718057357,"upper_bound":-0.012744928250091339},"point_estimate":-0.013707965235064679,"standard_error":0.000701263759972956}}