{"mean":{"confidence_interval":{"confidence_level":0.95,"lower_bound":0.49193357017539213,"upper_bound":0.5741355112277933},"point_estimate":0.5344806434386544,"standard_error":0.021030587365048054},"median":{"confidence_interval":{"confidence_level":0.95,"lower_bound":0.5943319463253425,"upper_bound":0.6248196979128526},"point_estimate":0.6175152021442316,"standard_error":0.007366579312802597}}