{"mean":{"confidence_interval":{"confidence_level":0.95,"lower_bound":-0.002377062787855927,"upper_bound":0.0026851537644937804},"point_estimate":0.00011880787578033569,"standard_error":0.0012890539691267397},"median":{"confidence_interval":{"confidence_level":0.95,"lower_bound":0.00008256290247292158,"upper_bound":0.0007399862129395807},"point_estimate":0.0003445796495569198,"standard_error":0.00016623295399891328}}