{"mean":{"confidence_interval":{"confidence_level":0.95,"lower_bound":0.18999522193346338,"upper_bound":0.21376424315416356},"point_estimate":0.20400804104001136,"standard_error":0.0062485854497598995},"median":{"confidence_interval":{"confidence_level":0.95,"lower_bound":0.2048510288608667,"upper_bound":0.209892150861686},"point_estimate":0.20684117314401385,"standard_error":0.0012317289667053701}}