{"mean":{"confidence_interval":{"confidence_level":0.95,"lower_bound":0.40084140916726346,"upper_bound":0.5962210540862545},"point_estimate":0.49731284114856855,"standard_error":0.05008508431778004},"median":{"confidence_interval":{"confidence_level":0.95,"lower_bound":0.8496528036709834,"upper_bound":0.8987611220287917},"point_estimate":0.8722526591363393,"standard_error":0.01229927256662219}}