{"mean":{"confidence_interval":{"confidence_level":0.95,"lower_bound":0.18188662686869608,"upper_bound":0.307704695068108},"point_estimate":0.24211822119189064,"standard_error":0.03337518146057842},"median":{"confidence_interval":{"confidence_level":0.95,"lower_bound":0.013431460994771882,"upper_bound":0.08379286795789875},"point_estimate":0.03697532524162295,"standard_error":0.020072765284560642}}