{"mean":{"confidence_interval":{"confidence_level":0.95,"lower_bound":0.3514535287477447,"upper_bound":0.5325775057209009},"point_estimate":0.4485230400035889,"standard_error":0.04578421919756598},"median":{"confidence_interval":{"confidence_level":0.95,"lower_bound":0.12662135430132837,"upper_bound":0.8602801811582991},"point_estimate":0.5759215724852988,"standard_error":0.1893526537476236}}