{"mean":{"confidence_interval":{"confidence_level":0.95,"lower_bound":0.2713682759226637,"upper_bound":0.2929085900230687},"point_estimate":0.28253694535410667,"standard_error":0.005503030144757436},"median":{"confidence_interval":{"confidence_level":0.95,"lower_bound":0.28943743591089954,"upper_bound":0.3033882135081343},"point_estimate":0.294864339910784,"standard_error":0.003537392643854038}}